#Red;Green;Blue;AreaName,RegionName,SaveColorForArea;RegionRed(optional);RegionGreen(optional);RegionBlue(optional)
#central_italy_region
35;132;51;roma_area;central_italy_region;False;
34;221;59;south_etruria_area;central_italy_region;False;
149;203;78;north_etruria_area;central_italy_region;False;
64;226;161;aternum_area;central_italy_region;False;
216;188;255;ariminum_area;central_italy_region;False;
58;23;153;asculum_area;central_italy_region;False;
158;200;236;corsica_area;central_italy_region;False;
95;99;51;sardinia_septentrionalis;central_italy_region;False;
190;212;252;sardinia_meridionalis;central_italy_region;False;

#taurica_region
233;33;15;maeotia_area;taurica_region;False;
130;231;22;bosproranum_area;taurica_region;False;
133;60;202;taurica_area;taurica_region;False;
102;121;144;maeotia_minores_area;taurica_region;False;
129;95;84;alania_area;taurica_region;False;
41;93;204;tanaissa_area;taurica_region;False;
222;247;75;sattara_area;taurica_region;False;
114;48;141;borysthenia_minor_area;taurica_region;False;

#sarmatia_asiatica_region
38;29;92;borysthenia_maioris_area;sarmatia_asiatica_region;False;
218;82;151;danaia_superioris_area;sarmatia_asiatica_region;False;
60;246;71;tanassa_area;sarmatia_asiatica_region;False;
163;6;206;danaia_area;sarmatia_asiatica_region;False;
64;135;220;confluenta_area;sarmatia_asiatica_region;False;
26;233;103;alania_proper_area;sarmatia_asiatica_region;False;
252;94;94;alania_orientalis_area;sarmatia_asiatica_region;False;

#greece_region
178;132;115;crete_area;greece_region;False;
38;82;9;aegean_islands_area;greece_region;False;
184;214;201;achaea_area;greece_region;False;
187;145;98;epirus_area;greece_region;False;
152;213;94;aetolia_area;greece_region;False;
193;98;227;central_greece_area;greece_region;False;
220;22;128;south_peleponnesos_area;greece_region;False;
26;243;53;boeotia_area;greece_region;False;
83;168;208;arcadia_area;greece_region;False;
35;240;248;euboea_area;greece_region;False;

#asia_region
255;203;46;lydia_area;asia_region;False;
121;90;232;ionia_area;asia_region;False;
252;71;112;aeolia_area;asia_region;False;
180;241;62;mysia_area;asia_region;False;
93;45;142;mysia_abrettene_area;asia_region;False;
169;180;6;inland_caria_area;asia_region;False;
214;28;144;coastal_caria_area;asia_region;False;
196;103;198;sporades_area;asia_region;False;

#cilicia_region
179;119;191;cilicia_trachea_area;cilicia_region;False;
144;165;22;cilicia_pedias_area;cilicia_region;False;
159;124;193;lycia_area;cilicia_region;False;
20;85;69;cyprus_area;cilicia_region;False;
79;248;158;pamphylia_area;cilicia_region;False;
150;41;142;pisidia_area;cilicia_region;False;
157;140;170;milyas_area;cilicia_region;False;

#galatia_region
27;135;254;lycaonia_area;galatia_region;False;
169;163;104;isauria_area;galatia_region;False;
167;116;17;phrygia_parorea_area;galatia_region;False;
7;0;200;phrygia_area;galatia_region;False;
5;122;180;phrygia_epiktetos;galatia_region;False;
16;36;8;galatia_area;galatia_region;False;
252;175;193;galatia_trocmi_area;galatia_region;False;

#bithynia_region
29;60;238;bithynia_inferior_area;bithynia_region;False;
134;41;35;bithynia_superior_area;bithynia_region;False;
219;249;107;paphlagonia_superior_area;bithynia_region;False;
208;145;178;heracleotis_area;bithynia_region;False;
12;225;168;paphlagonia_inferior_area;bithynia_region;False;
223;4;208;bithynia_area;bithynia_region;False;

#cappadocia_region
174;121;22;cappadocia_area;cappadocia_region;False;
72;198;176;cappadocia_cataonia_area;cappadocia_region;False;
91;87;69;cappadocia_garsauritis_area;cappadocia_region;False;
9;82;38;cappadocia_saravene_area;cappadocia_region;False;
251;228;180;cappadocia_melitene_area;cappadocia_region;False;

#cappadocia_pontica_region
243;44;128;pontus_colopene_area;cappadocia_pontica_region;False;
88;178;16;armenia_minor_area;cappadocia_pontica_region;False;
79;227;47;armenia_maior_area;cappadocia_pontica_region;False;
163;73;53;pontus_area;cappadocia_pontica_region;False;
20;45;164;machelonia_area;cappadocia_pontica_region;False;

#assyria_region
220;147;62;corduene_area;assyria_region;False;
198;114;95;osroene_area;assyria_region;False;
20;185;138;sophene_area;assyria_region;False;
48;126;207;upper_mesopotamia_area;assyria_region;False;
9;59;240;niniveh_area;assyria_region;False;
198;77;140;commagene_area;assyria_region;False;
181;157;13;adiabene_area;assyria_region;False;

#mesopotamia_region
86;130;126;babylonia_area;mesopotamia_region;False;
97;120;114;veh_kavad_area;mesopotamia_region;False;
110;176;137;beth_daraye_area;mesopotamia_region;False;
68;21;241;meshan_area;mesopotamia_region;False;
28;228;95;asoristan_area;mesopotamia_region;False;
219;105;95;garamig_area;mesopotamia_region;False;
132;73;106;tigris_area;mesopotamia_region;False;
103;127;79;euphrates_area;mesopotamia_region;False;

#gedrosia_region
226;3;128;omana_area;gedrosia_region;False;
50;130;210;east_omana_area;gedrosia_region;False;
152;177;114;gerrha_area;gedrosia_region;False;
22;12;39;gedrosia_area;gedrosia_region;False;
20;125;115;harmozeia_area;gedrosia_region;False;
104;255;1;patalene_area;gedrosia_region;False;
140;171;166;parecania_area;gedrosia_region;False;

#persis_region
214;181;15;pars_area;persis_region;False;
116;135;108;veshapur_area;persis_region;False;
86;30;199;utia_area;persis_region;False;
2;36;215;persepolis_area;persis_region;False;
31;214;48;ardashir_area;persis_region;False;
149;226;51;media_felix_area;persis_region;False;
69;184;13;susiana_area;persis_region;False;

#media_region
232;214;224;aspadana_area;media_region;False;
6;203;49;rhagai_area;media_region;False;
13;249;62;media_area;media_region;False;
23;4;214;media_atropatene_area;media_region;False;
219;12;7;media_choromithrene;media_region;False;
13;153;194;ecbatana_area;media_region;False;
84;28;188;kossioi_area;media_region;False;
236;217;102;amardioi_area;media_region;False;
242;103;30;kadousioi_area;media_region;False;

#bactriana_region
25;81;27;bactria_area;bactriana_region;False;
6;94;18;bamyan_area;bactriana_region;False;
96;225;134;sattagydia_area;bactriana_region;False;
101;114;49;candara_area;bactriana_region;False;
41;114;178;oxiana_area;bactriana_region;False;
74;85;88;transoxus_area;bactriana_region;False;
154;78;88;margiana_area;bactriana_region;False;

#ariana_region
121;169;11;aria_area;ariana_region;False;
26;241;172;pactya_area;ariana_region;False;
133;37;204;arachosia_area;ariana_region;False;
31;128;236;sagartia_area;ariana_region;False;
63;77;55;drangiana_area;ariana_region;False;
50;190;29;carmania_area;ariana_region;False;
185;71;90;namek_area;ariana_region;False;

#parthia_region
141;116;222;parthia_area;parthia_region;False;
77;149;223;parthia_komishene_area;parthia_region;False;
35;221;37;hyrcania_area;parthia_region;False;
138;3;131;vishpauzatis_area;parthia_region;False;
84;198;115;margu_area;parthia_region;False;
224;198;16;derbicca_area;parthia_region;False;
126;154;15;parnia_area;parthia_region;False;

#syria_region
89;191;241;syria_cyrrestice_area;syria_region;False;
120;122;209;syria_area;syria_region;False;
179;54;252;north_phoenicia_area;syria_region;False;
196;144;231;south_phoenicia_area;syria_region;False;
172;75;48;syria_coele_area;syria_region;False;
233;203;3;apamene_area;syria_region;False;
169;95;167;palmyra_area;syria_region;False;

#palestine_region
178;123;206;arabia_petrea_area;palestine_region;False;
225;227;64;philistia_area;palestine_region;False;
49;192;98;samaria_area;palestine_region;False;
65;201;114;galilee_area;palestine_region;False;
61;232;217;judea_area;palestine_region;False;
69;201;27;peraea_area;palestine_region;False;
27;40;142;decapolis_area;palestine_region;False;

#sarmatia_europea_region
190;190;42;transborysthenia_area;sarmatia_europea_region;False;
216;4;67;hypania_minoris_area;sarmatia_europea_region;False;
134;170;225;transhypania_area;sarmatia_europea_region;False;
200;171;87;sarmatia_superioris_area;sarmatia_europea_region;False;
66;97;54;hypania_area;sarmatia_europea_region;False;
193;172;84;sarmatia_area;sarmatia_europea_region;False;
54;227;248;olbia_area;sarmatia_europea_region;False;
88;42;186;borysthenia_area;sarmatia_europea_region;False;
91;167;120;clepia_area;sarmatia_europea_region;False;

#arabia_region
177;204;65;taifa_area;arabia_region;False;
30;42;170;arabia_relicta_area;arabia_region;False;
38;198;19;arabia_ad_sinus_area;arabia_region;False;
192;141;163;arabia_deserta_area;arabia_region;False;
212;157;147;dedan_area;arabia_region;False;
31;28;71;arabia_maritimae_area;arabia_region;False;

#arabia_felix_region
22;221;241;arabia_felix_centralis_area;arabia_felix_region;False;
214;48;80;arabia_felix_occidentalis_area;arabia_felix_region;False;
13;193;5;arabia_felix_orientalis_area;arabia_felix_region;False;
29;67;14;sheba_area;arabia_felix_region;False;
244;21;198;qataba_area;arabia_felix_region;False;
19;222;128;hadramut_occidentalis_area;arabia_felix_region;False;
117;74;121;hadramut_orientalis_area;arabia_felix_region;False;

#gandhara_region
28;36;5;gandhara_area;gandhara_region;False;
140;85;225;taxila_area;gandhara_region;False;
91;175;41;kasmira_area;gandhara_region;False;
180;204;129;madra_area;gandhara_region;False;
93;23;245;panchanada_area;gandhara_region;False;
10;252;155;trigarta_area;gandhara_region;False;
133;174;228;sivi_area;gandhara_region;False;

#maru_region
21;63;4;sauvira_area;maru_region;False;
181;82;129;north_sindhu_area;maru_region;False;
132;171;226;south_sindhu_area;maru_region;False;
92;38;233;abhiria_area;maru_region;False;
189;162;104;kaccha_area;maru_region;False;
155;179;26;outer_saurashtra_area;maru_region;False;
90;202;78;inner_saurashtra_area;maru_region;False;

#avanti_region
243;68;174;madhyamika_area;avanti_region;False;
90;232;92;avanti_area;avanti_region;False;
183;32;64;anartta_area;avanti_region;False;
231;124;99;dasarna_area;avanti_region;False;
251;151;36;dahala_area;avanti_region;False;
66;196;85;matsya_area;avanti_region;False;
127;8;135;surasena_area;avanti_region;False;
118;159;217;maru_area;avanti_region;False;

#madhyadesa_region
30;56;15;sthanisvara_area;madhyadesa_region;False;
199;243;171;kuru_area;madhyadesa_region;False;
123;162;195;ahicchatra_area;madhyadesa_region;False;
206;95;84;pancala_area;madhyadesa_region;False;
221;232;19;kosala_area;madhyadesa_region;False;
211;45;52;west_cedi_area;madhyadesa_region;False;
180;192;11;east_cedi_area;madhyadesa_region;False;
254;106;40;kasi_area;madhyadesa_region;False;
191;54;89;malla_area;madhyadesa_region;False;

#pracya_region
76;59;20;magadha_area;pracya_region;False;
163;121;97;kamata_area;pracya_region;False;
188;39;196;pundra_area;pracya_region;False;
30;151;235;anga_area;pracya_region;False;
221;64;177;samatata_area;pracya_region;False;
177;35;188;kamarupa_area;pracya_region;False;
213;130;230;vrji_area;pracya_region;False;
40;64;34;vanga_area;pracya_region;False;

#vindhyaprstha_region
76;125;215;radha_area;vindhyaprstha_region;False;
8;129;29;kalinga_area;vindhyaprstha_region;False;
162;184;44;mahendragiri_area;vindhyaprstha_region;False;
108;158;190;dakshina_kosala_area;vindhyaprstha_region;False;
25;233;245;andhra_area;vindhyaprstha_region;False;
180;33;14;fanindrapura_area;vindhyaprstha_region;False;
199;178;49;asmaka_area;vindhyaprstha_region;False;
142;242;15;vidarbha_area;vindhyaprstha_region;False;

#dravida_region
36;93;182;pandiya_area;dravida_region;False;
45;127;128;koda_area;dravida_region;False;
173;3;24;north_tondainadu_area;dravida_region;False;
78;245;226;south_tondainadu_area;dravida_region;False;
42;169;225;north_tambapamni_area;dravida_region;False;
138;174;166;south_tambapamni_area;dravida_region;False;
32;136;39;sriparvata_area;dravida_region;False;
13;146;127;malayas_area;dravida_region;False;

#aparanta_region
121;29;22;mulaka_area;aparanta_region;False;
203;52;115;vindya_area;aparanta_region;False;
16;17;64;north_sahyadri_area;aparanta_region;False;
206;211;162;aparanta_area;aparanta_region;False;
183;184;202;south_sahyadri_area;aparanta_region;False;
2;62;193;anupa_area;aparanta_region;False;
246;70;132;asika_area;aparanta_region;False;
236;44;22;kuntala_area;aparanta_region;False;

#karnata_region
211;90;221;vanavasi_area;karnata_region;False;
233;73;81;north_satiyaputa_area;karnata_region;False;
76;88;167;south_satiyaputa_area;karnata_region;False;
137;83;203;keralaputa_area;karnata_region;False;
117;185;24;north_mahishamandala_area;karnata_region;False;
33;81;100;south_mahishamandala_area;karnata_region;False;

#tibet_region
104;69;123;sumpa_area;tibet_region;False;
97;102;133;lhasa_area;tibet_region;False;
70;180;183;yarlung_area;tibet_region;False;
29;87;140;tsang_area;tibet_region;False;
32;218;244;chomolangma_area;tibet_region;False;
49;129;212;jangtang_area;tibet_region;False;

#himalayan_region
230;249;78;tarim_area;himalayan_region;False;
218;106;89;north_tarim_area;himalayan_region;False;
130;132;178;south_tarim_area;himalayan_region;False;
228;176;132;pamir_area;himalayan_region;False;
169;167;154;gilgit_area;himalayan_region;False;
111;248;35;suvarna_gotra_area;himalayan_region;False;
99;3;188;zhangzhung_area;himalayan_region;False;

#sogdiana_region
251;114;41;cyropolis_area;sogdiana_region;False;
5;200;95;sogdiana_area;sogdiana_region;False;
61;57;194;jaxartia_area;sogdiana_region;False;
128;70;117;sirdarya_area;sogdiana_region;False;
34;136;54;talas_area;sogdiana_region;False;
64;237;132;ferghana_area;sogdiana_region;False;
105;83;203;kharesmia_superior;sogdiana_region;False;

#scythia_region
19;19;223;hyrcania_superior_area;scythia_region;False;
47;124;33;atara_area;scythia_region;False;
78;66;112;transhyrcania_area;scythia_region;False;
202;98;192;darn_area;scythia_region;False;
245;174;160;scythia_ultima_area;scythia_region;False;
149;14;173;scythia_prima_area;scythia_region;False;
67;75;237;dahaea_area;scythia_region;False;
93;207;66;scythia_ad_pontem_area;scythia_region;False;
56;55;158;kharesmia_area;scythia_region;False;

#cyrenaica_region
173;217;118;tripolitania_centralis_area;cyrenaica_region;False;
40;81;166;tripolitania_orientalis_area;cyrenaica_region;False;
90;17;233;cyrenaica_inferioris_area;cyrenaica_region;False;
80;80;62;cyrenaica_superioris_area;cyrenaica_region;False;
197;46;133;marmarica_occidentalis_area;cyrenaica_region;False;
145;242;176;marmarica_orientalis_area;cyrenaica_region;False;
177;112;71;ammon_area;cyrenaica_region;False;

#punt_region
28;228;127;mosylon_area;punt_region;False;
234;46;240;tana_area;punt_region;False;
167;0;17;aksum_area;punt_region;False;
104;140;133;punt_area;punt_region;False;
8;234;47;ptolemais_area;punt_region;False;
1;46;48;atbaras_area;punt_region;False;

#lusitania_region
10;179;201;oppidania_area;lusitania_region;False;
220;201;169;lusitania_septentrionalis_area;lusitania_region;False;
140;64;219;lusitania_meridionalis_area;lusitania_region;False;
152;70;163;celticia_maoioris_area;lusitania_region;False;
153;219;233;celticia_minoris_area;lusitania_region;False;
15;134;65;turdulia_occidentalis_area;lusitania_region;False;
198;167;131;aebocosia_area;lusitania_region;False;
79;54;66;vettonia_septentrionalis_area;lusitania_region;False;
166;24;130;vettonia_meridionalis_area;lusitania_region;False;

#germania_region
195;100;89;chaucia_area;germania_region;False;
113;73;104;langobardia_area;germania_region;False;
103;199;37;chamavia_area;germania_region;False;
143;146;64;bructeria_area;germania_region;False;
212;112;62;sicambria_area;germania_region;False;
56;129;74;chasuaria_area;germania_region;False;
151;177;76;frisia_area;germania_region;False;
74;179;225;semnonia_area;germania_region;False;
85;19;187;pharodenia_area;germania_region;False;

#transalpine_gaul_region
80;218;17;alpes_maritimae_area;transalpine_gaul_region;False;
14;175;110;central_massif_area;transalpine_gaul_region;False;
37;129;220;narbonensis_occidentalis_area;transalpine_gaul_region;False;
213;39;48;alpes_maritimae_two_area;transalpine_gaul_region;False;
208;20;110;narbonensis_orientalis_area;transalpine_gaul_region;False;
144;65;232;narbonensis_centralis_area;transalpine_gaul_region;False;
246;17;196;allobrogia_area;transalpine_gaul_region;False;

#gallaecia_region
212;114;22;cantabria_area;gallaecia_region;False;
65;136;171;asturia_septentrionalis_area;gallaecia_region;False;
162;246;124;asturia_meridionalis_area;gallaecia_region;False;
127;44;191;vaccaeia_septentrionalis_area;gallaecia_region;False;
172;197;240;callaecia_septentrionalis_area;gallaecia_region;False;
158;244;255;callaecia_meridionalis_area;gallaecia_region;False;
66;82;65;vaccaeia_meridionalis_area;gallaecia_region;False;

#caledonia_region
111;98;135;caledonia_meridionalis_area;caledonia_region;False;
94;52;247;caledonia_occidentalis_area;caledonia_region;False;
39;240;124;caledonia_septentrionalis_area;caledonia_region;False;
242;222;52;hibernia_septentrionalis_area;caledonia_region;False;
244;173;45;hibernia_orientalis_area;caledonia_region;False;
244;227;79;hibernia_occidentalis_area;caledonia_region;False;
185;181;99;hibernia_meridionalis_area;caledonia_region;False;

#numidia_region
67;176;92;numidia_occidentalis_area;numidia_region;False;
168;158;196;numidia_centralis_area;numidia_region;False;
169;76;90;mauretania_caesariensis_orientalis_area;numidia_region;False;
152;222;86;gaetulia_occidentalis_area;numidia_region;False;
40;212;250;gaetulia_centralis_area;numidia_region;False;
12;46;195;gaetulia_septentrionalis_area;numidia_region;False;
26;25;181;mauretania_caesariensis_maioris_area;numidia_region;False;
198;76;4;mauretania_caesariensis_minoris_area;numidia_region;False;

#nubia_region
253;80;130;south_nubia_area;nubia_region;False;
76;67;24;napata_area;nubia_region;False;
56;217;53;alana_area;nubia_region;False;
133;228;242;meroe_area;nubia_region;False;
39;33;233;alut_area;nubia_region;False;
253;93;5;aswan_area;nubia_region;False;
218;34;160;north_nubia_area;nubia_region;False;

#upper_egypt_region
76;159;254;luxor_area;upper_egypt_region;False;
44;119;136;troglodytica_area;upper_egypt_region;False;
54;211;120;myos_hormos_area;upper_egypt_region;False;
180;149;59;kharga_area;upper_egypt_region;False;
199;170;159;khargana_area;upper_egypt_region;False;
133;154;252;hema_nome_area;upper_egypt_region;False;
136;84;232;farfara_area;upper_egypt_region;False;

#lower_egypt_region
11;166;155;western_delta_area;lower_egypt_region;False;
110;6;5;eastern_delta_area;lower_egypt_region;False;
37;225;141;central_delta_area;lower_egypt_region;False;
57;145;161;memphis_area;lower_egypt_region;False;
174;238;90;heptanomis_area;lower_egypt_region;False;
215;120;173;sinai_area;lower_egypt_region;False;
96;128;207;parva_area;lower_egypt_region;False;

#pannonia_region
4;153;1;pannonia_prima_occidentalis_area;pannonia_region;False;
26;211;16;pannonia_prima_orientalis_area;pannonia_region;False;
28;132;134;pannonia_valeria_area;pannonia_region;False;
106;21;124;carnuntia_area;pannonia_region;False;
9;215;160;pannonia_terminus_area;pannonia_region;False;
203;72;247;noricum_mediterranum_area;pannonia_region;False;
204;34;77;transcarpathia_occidentalis_area;pannonia_region;False;
126;133;33;pannonia_secunda_area;pannonia_region;False;

#thrace_region
9;111;18;thracia_area;thrace_region;False;
124;77;198;europa_area;thrace_region;False;
2;47;132;rhodope_area;thrace_region;False;
69;55;92;haemimontus_area;thrace_region;False;
47;153;57;moesia_orientalis_area;thrace_region;False;
84;58;228;moesia_occidentalis_area;thrace_region;False;
211;244;142;scythia_area;thrace_region;False;

#moesia_region
188;196;217;getia_occidentalis_area;moesia_region;False;
126;54;95;getia_orientalis_area;moesia_region;False;
133;2;238;malvensis_area;moesia_region;False;
91;25;88;dacia_inferioris_area;moesia_region;False;
3;56;183;dacia_superioris_area;moesia_region;False;
177;92;92;dacia_mediterranea_area;moesia_region;False;
101;171;228;moesia_prima_orientalis_area;moesia_region;False;
167;156;80;moesia_prima_occidentalis_area;moesia_region;False;

#dacia_region
162;68;36;apulensis_area;dacia_region;False;
44;142;111;porolissensis_area;dacia_region;False;
27;101;113;porolissensis_inferioris_area;dacia_region;False;
13;164;204;transcarpathia_orientalis_area;dacia_region;False;
167;71;208;iazygia_minoris_area;dacia_region;False;
39;50;244;iazygia_majoris_area;dacia_region;False;
153;109;150;transcarpathia_centralis_area;dacia_region;False;

#colchis_region
22;228;213;suaneti_area;colchis_region;False;
183;53;28;colchis_area;colchis_region;False;
74;81;87;bekhyria_area;colchis_region;False;
205;166;145;abasgoi_area;colchis_region;False;
205;15;188;caucasian_iberia_area;colchis_region;False;
135;7;13;gugark_area;colchis_region;False;
55;247;40;tayk_area;colchis_region;False;

#albania_region
158;229;123;arran_area;albania_region;False;
95;201;221;caucasian_albania_area;albania_region;False;
123;212;238;paytankert_area;albania_region;False;
166;55;114;artshak_area;albania_region;False;
0;253;95;kahetia_area;albania_region;False;
242;221;210;scythia_trans_montem_area;albania_region;False;
36;123;90;sarmatia_hyrcania_area;albania_region;False;

#armenia_region
24;233;28;upper_armenia_area;armenia_region;False;
46;81;84;tarawn_area;armenia_region;False;
119;7;85;vaspurakan_area;armenia_region;False;
168;142;225;syracene_area;armenia_region;False;
3;210;104;soducene_area;armenia_region;False;
153;218;198;parsatunik_area;armenia_region;False;
244;194;219;parskahayk_area;armenia_region;False;
219;125;146;syunik_area;armenia_region;False;
171;124;99;ayrarat_area;armenia_region;False;

#bohemia_area
34;176;129;chattia_orientalis_area;bohemia_area;False;
109;47;130;marcomannia_maiores_area;bohemia_area;False;
162;48;247;tulingia_area;bohemia_area;False;
159;238;193;buria_area;bohemia_area;False;
158;71;116;boioa_meridionalis_area;bohemia_area;False;
104;248;238;boioa_septentrionalis_area;bohemia_area;False;
226;132;57;marcomannia_minores_area;bohemia_area;False;
17;251;137;caluconia_area;bohemia_area;False;

#illyria_region
134;105;134;histria_area;illyria_region;False;
192;198;237;dalmatia_occidentalis_area;illyria_region;False;
120;236;117;dalmatia_centralis_area;illyria_region;False;
5;88;59;dalmatia_orientalis_area;illyria_region;False;
118;99;180;illyria_graeca_area;illyria_region;False;
179;55;184;savia_occidentalis_area;illyria_region;False;
54;1;164;savia_orientalis_area;illyria_region;False;

#magna_graecia_region
1;189;218;neapolis_area;magna_graecia_region;False;
189;98;109;cannae_area;magna_graecia_region;False;
74;189;46;tarentum_area;magna_graecia_region;False;
179;188;78;heraclea_area;magna_graecia_region;False;
7;158;17;croton_area;magna_graecia_region;False;
172;64;119;east_sicily_area;magna_graecia_region;False;
248;128;88;west_sicily_area;magna_graecia_region;False;
176;240;10;syracuse_area;magna_graecia_region;False;

#belgica_region
186;89;150;morinia_area;belgica_region;False;
226;1;115;menapia_orientalis;belgica_region;False;
224;17;214;nervia_area;belgica_region;False;
31;136;228;bellovacia_area;belgica_region;False;
204;36;246;treveria_area;belgica_region;False;
55;91;161;veliocassia_area;belgica_region;False;
197;109;251;suaeuconia_area;belgica_region;False;
174;19;178;remia_area;belgica_region;False;

#vistulia_region
183;49;130;zargidava_area;vistulia_region;False;
45;132;14;subcarpathia_area;vistulia_region;False;
125;49;101;ciscarpathia_area;vistulia_region;False;
198;127;156;vistulia_inferioris_area;vistulia_region;False;
146;221;100;amadocia_occidentalis_area;vistulia_region;False;
97;142;66;bassetia_area;vistulia_region;False;
127;109;201;vistulia_area;vistulia_region;False;
148;197;85;ossioia_area;vistulia_region;False;

#venedia_region
100;98;219;rugia_area;venedia_region;False;
67;155;246;helveconia_area;venedia_region;False;
24;177;62;elysia_area;venedia_region;False;
247;250;231;galindia_area;venedia_region;False;
16;81;21;venedia_area;venedia_region;False;
119;35;89;lugia_area;venedia_region;False;
134;57;192;marsignia_area;venedia_region;False;
246;200;92;chrononis_area;venedia_region;False;
242;231;122;turuntia_area;venedia_region;False;

#macedonia_region
49;99;59;macedonia_area;macedonia_region;False;
41;199;47;upper_macedonia_area;macedonia_region;False;
244;247;193;chalkidiki_area;macedonia_region;False;
217;167;123;macedonia_salutaris_area;macedonia_region;False;
11;50;194;dardania_inferioris_area;macedonia_region;False;
4;204;8;dardania_superioris_area;macedonia_region;False;
34;209;170;thessaly_area;macedonia_region;False;

#central_gaul_region
35;61;134;bituriga_orientalis_area;central_gaul_region;False;
164;178;19;celtica_orientalis_area;central_gaul_region;False;
210;146;178;sequania_area;central_gaul_region;False;
214;97;234;lingonia_area;central_gaul_region;False;
69;175;202;senonia_area;central_gaul_region;False;
20;85;55;parisia_area;central_gaul_region;False;
213;185;197;celtica_centralis_area;central_gaul_region;False;

#germania_superior_region
127;222;131;leucia_area;germania_superior_region;False;
215;60;156;tribocia_area;germania_superior_region;False;
0;100;100;latobrigia_area;germania_superior_region;False;
4;217;169;vangionia_area;germania_superior_region;False;
123;167;126;chattia_occidentalis_area;germania_superior_region;False;
99;142;131;mediomatricia_area;germania_superior_region;False;

#contestania_region
216;218;176;contestania_meridionalis_area;contestania_region;False;
246;147;227;contestania_septentrionalis_area;contestania_region;False;
240;212;46;edetania_area;contestania_region;False;
242;21;139;balearides_area;contestania_region;False;
162;99;41;mastiania_area;contestania_region;False;
43;208;62;celtiberia_meridionalis_area;contestania_region;False;
198;255;104;lobetania_area;contestania_region;False;
51;124;147;carpetania_area;contestania_region;False;

#armorica_region
149;157;138;armorica_minoris_area;armorica_region;False;
134;5;97;armorica_maioris_area;armorica_region;False;
119;66;37;armorica_centralis_area;armorica_region;False;
129;138;102;pictonia_septentrionalis_area;armorica_region;False;
17;222;135;cenomannia_area;armorica_region;False;
83;82;131;bituriga_occidentalis_area;armorica_region;False;
12;122;151;carnutia_area;armorica_region;False;

#mauretainia_region
165;47;174;rutubis_area;mauretainia_region;False;
230;192;206;tadla_area;mauretainia_region;False;
66;49;138;mauretania_tingitana_septentrionalis_area;mauretainia_region;False;
218;152;237;mauretania_tingitana_meridionalis_area;mauretainia_region;False;
140;247;249;mauretania_caesariensis_occidentalis_area;mauretainia_region;False;
116;4;3;mauretania_caesariensis_centralis_area;mauretainia_region;False;

#aquitaine_region
31;28;192;aquitania_occidentalis_area;aquitaine_region;False;
255;111;47;aquitania_orientalis_area;aquitaine_region;False;
229;38;40;sentonia_maioris_area;aquitaine_region;False;
77;47;138;cadurcia_area;aquitaine_region;False;
120;202;252;lemovicia_area;aquitaine_region;False;
212;125;94;pictonia_meridionalis_area;aquitaine_region;False;
136;78;32;celtica_occidentalis_area;aquitaine_region;False;
152;80;189;biggeronia_area;aquitaine_region;False;

#tarraconensis_region
252;32;224;indiketia_area;tarraconensis_region;False;
242;254;5;cessetania_area;tarraconensis_region;False;
230;89;39;ilergetia_area;tarraconensis_region;False;
212;92;108;ilercavonia_area;tarraconensis_region;False;
2;246;53;vasconia_area;tarraconensis_region;False;
42;116;12;vardulia_area;tarraconensis_region;False;
75;209;70;autrigonia_area;tarraconensis_region;False;
55;157;255;celtiberia_septentrionalis_area;tarraconensis_region;False;
64;237;244;celtiberia_centralis_area;tarraconensis_region;False;

#britain_region
181;59;17;dumnonia_area;britain_region;False;
33;226;209;durotrigia_area;britain_region;False;
241;31;193;cantiacia_area;britain_region;False;
17;22;32;icenia_area;britain_region;False;
29;162;61;dobunnia_area;britain_region;False;
29;40;246;coritania_area;britain_region;False;
27;253;110;cornovia_area;britain_region;False;
211;53;169;britannia_secunda_septentrionalis_area;britain_region;False;
182;149;65;britannia_secunda_meridionalis_area;britain_region;False;
222;197;207;brigantia_area;britain_region;False;

#cisalpine_gaul_region
166;38;88;venetia_area;cisalpine_gaul_region;False;
251;110;74;east_insubria_area;cisalpine_gaul_region;False;
96;214;68;pisae_area;cisalpine_gaul_region;False;
216;199;78;liguria_area;cisalpine_gaul_region;False;
151;210;65;aemilla_area;cisalpine_gaul_region;False;
5;64;211;transpadana_area;cisalpine_gaul_region;False;
16;96;220;west_insubria_area;cisalpine_gaul_region;False;
144;92;14;ferraria_area;cisalpine_gaul_region;False;

#africa_region
13;174;223;carthage_area;africa_region;False;
66;89;171;africa_septentrionalis_area;africa_region;False;
235;174;177;africa_meridionalis_area;africa_region;False;
109;194;37;numidia_maioris_area;africa_region;False;
39;248;105;numidia_minoris_area;africa_region;False;
28;221;153;gaetulia_orientalis_area;africa_region;False;
145;192;158;tripolitania_occidentalis_area;africa_region;False;

#rhaetia_region
45;88;55;alpes_graiae_area;rhaetia_region;False;
24;159;35;alpes_raetiae_occidentalis;rhaetia_region;False;
111;186;18;alpes_raetiae_orientalis;rhaetia_region;False;
188;37;143;tigurinia_area;rhaetia_region;False;
2;86;6;helvetia_inferioris_area;rhaetia_region;False;
202;48;222;helvetia_superioris_area;rhaetia_region;False;
242;93;65;helvetia_orientalis_area;rhaetia_region;False;

#baetica_region
192;198;248;malacita_area;baetica_region;False;
4;172;27;gaditanus_area;baetica_region;False;
97;84;28;baetica_hispalensis_area;baetica_region;False;
120;46;189;bastetania_area;baetica_region;False;
245;107;97;turdetania_occidentalis_area;baetica_region;False;
1;63;25;baetica_cordubensis_area;baetica_region;False;
70;116;221;couneia_area;baetica_region;False;
152;196;44;oretania_area;baetica_region;False;
102;149;157;turdulia_orientalis_area;baetica_region;False;

#scandinavia_region
104;142;56;cimbrica_inferioris_area;scandinavia_region;False;
132;73;111;cimbrica_superioris_area;scandinavia_region;False;
96;231;30;scandia_insula_area;scandinavia_region;False;
164;154;56;herulia_area;scandinavia_region;False;
248;250;18;east_gothia_area;scandinavia_region;False;
17;3;79;west_gothia_area;scandinavia_region;False;
186;183;237;ultima_thule_area;scandinavia_region;False;

#atlantic_region
122;254;71;north_sea_area;atlantic_region;False;
137;177;10;mare_germanicum_area;atlantic_region;False;
57;176;140;mare_britannicum_area;atlantic_region;False;
244;229;219;mare_hibernicum_area;atlantic_region;False;
160;197;232;oceanus_atlanticus_area;atlantic_region;False;
143;65;112;mare_catabricum_area;atlantic_region;False;
70;31;104;mare_verginium_area;atlantic_region;False;

#baltic_sea_region
254;105;58;oceanus_sarmaticus_area;baltic_sea_region;False;

#mediterranean_region
224;36;236;mare_aegyptum_area;mediterranean_region;False;
221;151;246;mare_aegaeum_area;mediterranean_region;False;
76;64;95;mare_creticum_area;mediterranean_region;False;
33;86;73;mare_lycium_area;mediterranean_region;False;
38;182;153;mare_phoenicium_area;mediterranean_region;False;
77;179;122;mare_adriaticum_area;mediterranean_region;False;
139;92;43;mare_ionium_area;mediterranean_region;False;
187;219;17;mare_libycum_area;mediterranean_region;False;
81;238;120;canalis_sicium_area;mediterranean_region;False;
105;130;142;mare_tyrrenum_area;mediterranean_region;False;
130;191;6;mare_ligusticum_area;mediterranean_region;False;
238;37;45;mare_sardonium_area;mediterranean_region;False;
16;145;198;sinus_gallicus_area;mediterranean_region;False;
38;255;240;mare_balearicum_area;mediterranean_region;False;
167;94;109;mare_ibericum_area;mediterranean_region;False;

#pontus_region
154;21;125;pontus_euxinus_area;pontus_region;False;
254;148;105;palus_maeotis_area;pontus_region;False;
180;159;214;helespontine_area;pontus_region;False;

#persian_gulf_region
101;28;54;sinus_persicus_area;persian_gulf_region;False;

#red_sea_region
145;104;42;sinus_arabicus_area;red_sea_region;False;

#indian_ocean_region
220;45;43;sinus_adenensis_area;indian_ocean_region;False;
28;107;213;mare_erythraeum_area;indian_ocean_region;False;
7;60;14;mare_gangeticus_area;indian_ocean_region;False;

#nile_region
148;242;31;nile_river_area;nile_region;False;

#mesopotamia_river_region
103;245;179;mesopotamia_river_area;mesopotamia_river_region;False;

#indo_gangetic_region
217;73;93;indus_river_area;indo_gangetic_region;False;
130;143;96;ganges_river_area;indo_gangetic_region;False;
233;13;93;dyardanes_river_area;indo_gangetic_region;False;

#rhine_region
201;17;128;rhine_river_area;rhine_region;False;

#greek_river_region
194;86;85;gallikos_river_area;greek_river_region;False;

#iberian_river_region
122;123;3;baetis_river_area;iberian_river_region;False;
146;196;166;tagus_river_area;iberian_river_region;False;
66;80;64;flumen_anas_river_area;iberian_river_region;False;
154;19;192;ebro_river_area;iberian_river_region;False;

#gallic_river_region
25;247;138;garumna_river_area;gallic_river_region;False;
200;248;68;liger_river_area;gallic_river_region;False;
222;143;121;sequana_river_area;gallic_river_region;False;
158;162;162;rhodanus_river_area;gallic_river_region;False;

#germania_river_region
217;207;33;albis_river_area;germania_river_region;False;

#black_sea_river_region
193;127;142;tyras_river_area;black_sea_river_region;False;
200;70;212;borysthenes_river_area;black_sea_river_region;False;
162;149;82;ister_river_area;black_sea_river_region;False;

#cilician_river_region
71;24;25;pyramus_river_area;cilician_river_region;False;
70;105;94;cydnus_river_area;cilician_river_region;False;

#padus_river_region
189;33;62;po_river_area;padus_river_region;False;

#british_river_region
137;98;170;thames_river_area;british_river_region;False;
200;228;48;hull_river_area;british_river_region;False;

#don_river_region
3;94;50;don_river_area;don_river_region;False;
16;4;2;volga_river_area;don_river_region;False;

#Unused Areas
#106;147;219;unused_area_0;usused_region;False
#26;63;245;unused_area_1;usused_region;False
#44;193;74;unused_area_2;usused_region;False
#111;116;204;unused_area_3;usused_region;False
#247;172;228;unused_area_4;usused_region;False
#64;0;4;unused_area_5;usused_region;False
#198;13;5;unused_area_6;usused_region;False
#35;151;60;unused_area_7;usused_region;False
#252;30;29;unused_area_8;usused_region;False
#82;171;78;unused_area_9;usused_region;False
#234;104;125;unused_area_10;usused_region;False
#95;4;199;unused_area_11;usused_region;False
#218;197;141;unused_area_12;usused_region;False
#14;88;205;unused_area_13;usused_region;False
#236;45;73;unused_area_14;usused_region;False
#68;71;225;unused_area_15;usused_region;False
#54;230;4;unused_area_16;usused_region;False
#27;196;122;unused_area_17;usused_region;False
#93;252;170;unused_area_18;usused_region;False
#134;180;251;unused_area_19;usused_region;False
#230;25;194;unused_area_20;usused_region;False
#161;201;72;unused_area_21;usused_region;False
#144;242;170;unused_area_22;usused_region;False
#34;81;215;unused_area_23;usused_region;False
#200;222;174;unused_area_24;usused_region;False
#102;62;79;unused_area_25;usused_region;False
#246;11;87;unused_area_26;usused_region;False
#129;230;80;unused_area_27;usused_region;False
#77;181;18;unused_area_28;usused_region;False
#24;243;42;unused_area_29;usused_region;False
#89;230;249;unused_area_30;usused_region;False
#20;142;249;unused_area_31;usused_region;False
#202;88;75;unused_area_32;usused_region;False
#56;121;59;unused_area_33;usused_region;False
#210;241;183;unused_area_34;usused_region;False
#5;176;97;unused_area_35;usused_region;False
#197;178;146;unused_area_36;usused_region;False
#128;147;6;unused_area_37;usused_region;False
#222;49;147;unused_area_38;usused_region;False
#11;201;31;unused_area_39;usused_region;False
#214;74;229;unused_area_40;usused_region;False
#67;116;48;unused_area_41;usused_region;False
#53;196;252;unused_area_42;usused_region;False
#21;225;154;unused_area_43;usused_region;False
#235;179;242;unused_area_44;usused_region;False
#46;29;126;unused_area_45;usused_region;False
#196;57;27;unused_area_46;usused_region;False
#136;93;209;unused_area_47;usused_region;False
#93;81;62;unused_area_48;usused_region;False
#238;105;25;unused_area_49;usused_region;False
#42;51;173;unused_area_50;usused_region;False
#144;0;198;unused_area_51;usused_region;False
#12;149;97;unused_area_52;usused_region;False
#184;80;16;unused_area_53;usused_region;False
#179;10;89;unused_area_54;usused_region;False
#42;88;243;unused_area_55;usused_region;False
#171;208;118;unused_area_56;usused_region;False
#174;95;27;unused_area_57;usused_region;False
#214;111;227;unused_area_58;usused_region;False
#213;252;156;unused_area_59;usused_region;False
#73;101;76;unused_area_60;usused_region;False
#109;255;182;unused_area_61;usused_region;False
#47;92;76;unused_area_62;usused_region;False
#208;83;97;unused_area_63;usused_region;False
#162;88;178;unused_area_64;usused_region;False
#186;89;12;unused_area_65;usused_region;False
#13;205;122;unused_area_66;usused_region;False
#186;109;44;unused_area_67;usused_region;False
#112;197;83;unused_area_68;usused_region;False
#22;186;202;unused_area_69;usused_region;False
#37;15;188;unused_area_70;usused_region;False
#239;196;89;unused_area_71;usused_region;False
#248;171;186;unused_area_72;usused_region;False
#35;97;92;unused_area_73;usused_region;False
#80;76;254;unused_area_74;usused_region;False
#79;195;91;unused_area_75;usused_region;False
#196;248;144;unused_area_76;usused_region;False
#89;156;207;unused_area_77;usused_region;False
#63;50;220;unused_area_78;usused_region;False
#91;151;21;unused_area_79;usused_region;False
#61;20;230;unused_area_80;usused_region;False
#225;77;60;unused_area_81;usused_region;False
#105;20;57;unused_area_82;usused_region;False
#174;99;0;unused_area_83;usused_region;False
#50;252;246;unused_area_84;usused_region;False
#110;158;215;unused_area_85;usused_region;False
#47;244;93;unused_area_86;usused_region;False
#200;78;167;unused_area_87;usused_region;False
#170;129;139;unused_area_88;usused_region;False
#113;253;224;unused_area_89;usused_region;False
#170;204;2;unused_area_90;usused_region;False
#214;233;196;unused_area_91;usused_region;False
#142;66;60;unused_area_92;usused_region;False
#203;107;201;unused_area_93;usused_region;False
#39;8;42;unused_area_94;usused_region;False
#142;140;33;unused_area_95;usused_region;False
#151;32;1;unused_area_96;usused_region;False
#160;125;10;unused_area_97;usused_region;False
#88;70;240;unused_area_98;usused_region;False
#240;181;148;unused_area_99;usused_region;False
